<?xml version="1.0" encoding="UTF-8"?>
<!--Exported from LabKey Server at http://localhost:7080/labkey/project/Renato%20Lewis%20Test%20Study/begin.view by lmcgibbn on Wed Jul 08 15:44:06 UTC 2015-->
<study archiveVersion="14.3" label="Renato Test Study Study" timepointType="VISIT" subjectNounSingular="Participant" subjectNounPlural="Participants" subjectColumnName="ParticipantId" investigator="" grant="" species="" alternateIdPrefix="" alternateIdDigits="6" defaultTimepointDuration="1" startDate="2015-06-30Z" securityType="BASIC_WRITE" xmlns="http://labkey.org/study/xml">
  <assaySchedule dir="assaySchedule"/>
  <cohorts type="AUTOMATIC" mode="SIMPLE" file="cohorts.xml"/>
  <datasets dir="datasets" file="datasets_manifest.xml">
    <definition file="Renato.dataset"/>
  </datasets>
  <comments/>
  <specimens dir="specimens" settings="specimen_settings.xml" file="Renato.specimens"/>
  <treatmentData dir="treatmentData"/>
  <visits file="visit_map.xml"/>
  <studyViews dir="views" settings="settings.xml"/>
  <studyDescription rendererType="TEXT_WITH_LINKS">
    <description xsi:nil="true" xmlns:xsi="http://www.w3.org/2001/XMLSchema-instance"/>
  </studyDescription>
  <properties dir="properties"/>
</study>